sensor_id,timestamp,temperature,humidity,location,sensor_type
1030,2025-04-10 12:42:25,28.04,58.59,BuildingA_Floor1,TypeC
1023,2025-04-08 20:06:27,22.51,60.21,BuildingA_Floor1,TypeA
1040,2025-04-06 02:49:31,15.37,77.94,BuildingA_Floor2,TypeA
1053,2025-04-09 01:43:25,29.25,60.25,BuildingA_Floor1,TypeC
1044,2025-04-07 11:06:07,29.62,64.24,BuildingA_Floor1,TypeA
1081,2025-04-10 00:11:40,22.8,50.64,BuildingB_Floor2,TypeC
1044,2025-04-07 23:38:50,31.04,32.56,BuildingB_Floor1,TypeA
1050,2025-04-07 17:45:09,23.72,78.46,BuildingA_Floor2,TypeB
1051,2025-04-07 18:26:46,22.3,46.28,BuildingA_Floor1,TypeC
1065,2025-04-06 04:45:27,20.32,51.71,BuildingA_Floor2,TypeB
1089,2025-04-07 09:36:37,30.69,58.28,BuildingA_Floor1,TypeC
1063,2025-04-09 04:20:16,19.5,33.82,BuildingB_Floor1,TypeC
1077,2025-04-06 14:52:17,25.67,79.88,BuildingA_Floor1,TypeC
1049,2025-04-08 20:56:57,22.2,43.98,BuildingB_Floor2,TypeA
1003,2025-04-09 00:53:17,31.81,48.17,BuildingA_Floor2,TypeA
1004,2025-04-06 10:45:35,30.54,33.1,BuildingB_Floor2,TypeB
1007,2025-04-10 06:43:05,26.55,51.68,BuildingB_Floor1,TypeC
1058,2025-04-08 22:38:02,22.73,36.9,BuildingA_Floor1,TypeB
1040,2025-04-07 04:16:46,17.34,53.24,BuildingA_Floor2,TypeC
1099,2025-04-08 15:25:44,34.52,73.23,BuildingB_Floor2,TypeB
1003,2025-04-07 07:29:54,29.16,42.8,BuildingB_Floor2,TypeA
1059,2025-04-10 00:32:03,22.98,42.79,BuildingA_Floor1,TypeC
1043,2025-04-06 14:47:05,19.79,71.73,BuildingA_Floor2,TypeB
1013,2025-04-09 02:06:52,19.53,46.74,BuildingB_Floor1,TypeB
1006,2025-04-06 23:38:47,27.7,79.9,BuildingA_Floor2,TypeB
1005,2025-04-06 14:00:02,19.66,37.24,BuildingB_Floor2,TypeB
1021,2025-04-08 16:26:35,19.59,40.61,BuildingB_Floor2,TypeC
1054,2025-04-09 09:11:37,21.23,34.04,BuildingB_Floor1,TypeB
1052,2025-04-10 12:07:37,28.59,62.27,BuildingA_Floor2,TypeB
1038,2025-04-07 04:51:44,22.74,77.41,BuildingA_Floor2,TypeC
1066,2025-04-09 10:04:07,27.4,30.18,BuildingB_Floor1,TypeC
1048,2025-04-10 03:59:11,31.45,72.66,BuildingB_Floor2,TypeB
1072,2025-04-10 00:55:21,16.12,36.89,BuildingA_Floor2,TypeC
1046,2025-04-10 10:06:28,30.31,31.75,BuildingA_Floor2,TypeC
1095,2025-04-08 20:03:45,31.6,75.6,BuildingA_Floor2,TypeA
1097,2025-04-10 14:55:05,33.23,73.71,BuildingB_Floor2,TypeC
1062,2025-04-08 14:01:52,21.86,38.73,BuildingA_Floor1,TypeA
1004,2025-04-09 07:50:30,19.91,53.0,BuildingA_Floor2,TypeC
1045,2025-04-06 13:27:23,34.07,74.04,BuildingA_Floor2,TypeC
1086,2025-04-09 10:37:50,21.33,49.94,BuildingA_Floor2,TypeB
1052,2025-04-07 03:31:52,22.26,36.63,BuildingB_Floor1,TypeC
1046,2025-04-10 19:57:43,29.18,51.6,BuildingA_Floor1,TypeA
1090,2025-04-08 01:55:37,21.86,60.69,BuildingA_Floor2,TypeA
1051,2025-04-07 17:36:02,32.07,36.17,BuildingA_Floor2,TypeA
1076,2025-04-06 13:27:51,28.27,48.12,BuildingB_Floor2,TypeA
1012,2025-04-06 04:24:28,28.86,42.84,BuildingB_Floor2,TypeA
1091,2025-04-08 18:44:15,29.14,61.76,BuildingB_Floor2,TypeC
1010,2025-04-07 14:44:46,26.99,61.41,BuildingB_Floor2,TypeA
1052,2025-04-08 11:54:24,29.87,65.47,BuildingA_Floor2,TypeB
1085,2025-04-08 06:39:38,25.26,57.25,BuildingA_Floor2,TypeC
1080,2025-04-09 21:13:04,15.58,61.77,BuildingA_Floor1,TypeB
1087,2025-04-06 11:48:08,27.78,33.5,BuildingB_Floor2,TypeA
1061,2025-04-09 00:02:42,22.23,43.39,BuildingA_Floor1,TypeC
1011,2025-04-06 10:36:29,20.61,60.75,BuildingA_Floor1,TypeB
1034,2025-04-09 17:45:57,32.99,63.34,BuildingB_Floor1,TypeA
1056,2025-04-10 03:53:19,15.23,63.12,BuildingB_Floor2,TypeC
1008,2025-04-07 14:14:50,15.05,45.47,BuildingB_Floor2,TypeB
1000,2025-04-06 08:32:14,34.83,41.09,BuildingA_Floor2,TypeC
1096,2025-04-10 23:10:00,24.17,38.57,BuildingA_Floor2,TypeB
1056,2025-04-07 21:05:40,30.41,63.62,BuildingB_Floor2,TypeA
1042,2025-04-10 00:41:00,32.02,40.63,BuildingB_Floor1,TypeC
1040,2025-04-10 16:03:29,34.82,31.41,BuildingA_Floor2,TypeC
1018,2025-04-08 19:18:42,21.21,61.86,BuildingB_Floor2,TypeC
1072,2025-04-09 12:46:16,27.63,64.69,BuildingB_Floor1,TypeA
1034,2025-04-06 15:25:25,30.81,54.07,BuildingB_Floor1,TypeC
1055,2025-04-06 11:32:32,34.29,70.19,BuildingA_Floor1,TypeA
1086,2025-04-10 14:01:21,28.27,40.26,BuildingA_Floor2,TypeB
1019,2025-04-06 03:56:36,21.39,60.53,BuildingB_Floor1,TypeA
1095,2025-04-10 18:22:06,33.82,76.59,BuildingB_Floor1,TypeB
1051,2025-04-09 06:14:45,17.27,31.33,BuildingB_Floor1,TypeA
1079,2025-04-08 20:36:26,15.35,56.95,BuildingB_Floor1,TypeA
1068,2025-04-07 00:56:32,28.91,79.26,BuildingA_Floor2,TypeC
1066,2025-04-07 13:27:53,34.83,61.84,BuildingB_Floor1,TypeA
1099,2025-04-08 12:23:15,25.99,64.96,BuildingB_Floor1,TypeB
1097,2025-04-08 15:31:33,28.64,76.23,BuildingA_Floor2,TypeA
1100,2025-04-08 03:57:23,33.8,36.7,BuildingA_Floor1,TypeA
1028,2025-04-06 08:01:50,26.54,31.34,BuildingA_Floor2,TypeB
1074,2025-04-09 22:21:49,27.7,63.22,BuildingB_Floor2,TypeB
1052,2025-04-08 19:53:59,26.2,47.68,BuildingB_Floor1,TypeC
1063,2025-04-10 04:28:28,23.24,63.6,BuildingA_Floor2,TypeA
1078,2025-04-06 19:27:06,18.82,49.43,BuildingA_Floor1,TypeB
1059,2025-04-10 07:55:11,22.12,55.75,BuildingB_Floor2,TypeC
1075,2025-04-06 16:45:21,22.19,57.15,BuildingA_Floor2,TypeB
1096,2025-04-09 10:08:26,15.78,66.74,BuildingB_Floor1,TypeA
1075,2025-04-06 15:59:21,25.18,74.97,BuildingB_Floor1,TypeB
1079,2025-04-07 07:45:36,26.29,79.48,BuildingA_Floor2,TypeB
1100,2025-04-09 11:36:12,19.08,56.76,BuildingB_Floor1,TypeB
1100,2025-04-07 10:00:12,17.56,43.51,BuildingA_Floor1,TypeC
1022,2025-04-09 18:53:48,21.27,54.5,BuildingA_Floor2,TypeC
1081,2025-04-09 02:09:16,33.07,60.9,BuildingA_Floor1,TypeC
1020,2025-04-08 00:12:06,32.44,78.64,BuildingA_Floor2,TypeC
1091,2025-04-07 09:35:03,34.14,40.99,BuildingB_Floor1,TypeB
1028,2025-04-06 18:11:47,26.66,65.21,BuildingA_Floor1,TypeA
1054,2025-04-10 13:53:15,33.47,51.17,BuildingB_Floor2,TypeA
1091,2025-04-07 22:42:19,16.58,78.55,BuildingA_Floor2,TypeA
1066,2025-04-10 13:44:23,17.45,31.49,BuildingA_Floor1,TypeA
1014,2025-04-09 02:29:28,26.24,62.61,BuildingB_Floor1,TypeA
1058,2025-04-06 22:13:09,26.02,74.53,BuildingB_Floor1,TypeA
1076,2025-04-10 16:09:49,16.78,35.55,BuildingA_Floor2,TypeA
1058,2025-04-07 23:14:36,17.75,42.94,BuildingB_Floor1,TypeC
1043,2025-04-06 06:34:47,27.59,60.12,BuildingA_Floor2,TypeA
1027,2025-04-10 18:48:45,18.79,79.14,BuildingB_Floor1,TypeC
1040,2025-04-07 05:26:13,34.31,33.26,BuildingA_Floor2,TypeB
1021,2025-04-09 22:07:29,23.8,65.81,BuildingA_Floor2,TypeC
1019,2025-04-08 21:06:43,29.68,31.34,BuildingA_Floor2,TypeB
1010,2025-04-06 04:36:03,24.96,49.87,BuildingA_Floor2,TypeB
1096,2025-04-09 12:36:33,33.87,66.82,BuildingB_Floor1,TypeA
1058,2025-04-07 10:38:08,16.59,59.34,BuildingA_Floor2,TypeB
1061,2025-04-07 04:54:04,25.71,31.28,BuildingA_Floor1,TypeC
1088,2025-04-07 16:54:37,25.0,33.37,BuildingB_Floor2,TypeC
1022,2025-04-09 04:32:20,27.54,65.91,BuildingB_Floor2,TypeC
1020,2025-04-09 01:53:31,32.34,46.97,BuildingB_Floor1,TypeB
1072,2025-04-10 08:01:55,26.31,67.73,BuildingB_Floor2,TypeB
1055,2025-04-10 18:31:10,25.48,78.34,BuildingA_Floor1,TypeB
1077,2025-04-08 21:38:37,29.39,53.17,BuildingB_Floor1,TypeC
1091,2025-04-07 13:00:42,22.13,39.09,BuildingB_Floor1,TypeA
1076,2025-04-07 13:08:40,24.52,68.1,BuildingA_Floor2,TypeA
1098,2025-04-07 08:14:40,34.17,60.47,BuildingB_Floor1,TypeA
1075,2025-04-10 15:41:11,20.18,44.49,BuildingA_Floor2,TypeC
1005,2025-04-07 00:44:31,34.14,72.46,BuildingB_Floor2,TypeB
1057,2025-04-10 09:07:08,17.47,32.98,BuildingA_Floor1,TypeC
1067,2025-04-08 07:27:06,25.54,79.19,BuildingB_Floor1,TypeC
1020,2025-04-06 07:04:05,18.61,70.76,BuildingB_Floor2,TypeC
1053,2025-04-08 08:36:51,19.55,47.2,BuildingB_Floor2,TypeB
1007,2025-04-08 20:13:45,17.7,68.9,BuildingA_Floor1,TypeA
1085,2025-04-09 07:56:26,20.43,62.97,BuildingA_Floor1,TypeB
1080,2025-04-08 22:17:15,25.38,77.6,BuildingB_Floor2,TypeB
1043,2025-04-09 10:02:37,24.51,61.98,BuildingB_Floor1,TypeC
1009,2025-04-09 13:53:56,30.41,61.01,BuildingB_Floor1,TypeB
1081,2025-04-09 00:58:51,28.19,64.63,BuildingA_Floor1,TypeB
1031,2025-04-10 13:39:10,20.59,62.7,BuildingA_Floor2,TypeC
1037,2025-04-06 09:08:12,23.13,61.62,BuildingA_Floor1,TypeB
1046,2025-04-07 03:09:49,33.52,42.64,BuildingB_Floor1,TypeB
1046,2025-04-06 22:17:43,19.73,56.65,BuildingA_Floor1,TypeB
1073,2025-04-08 07:18:11,29.8,74.12,BuildingB_Floor2,TypeB
1005,2025-04-07 06:10:58,20.39,34.03,BuildingB_Floor2,TypeA
1018,2025-04-08 09:58:48,15.85,34.77,BuildingA_Floor1,TypeA
1052,2025-04-08 00:47:59,17.72,75.3,BuildingB_Floor2,TypeB
1083,2025-04-07 21:37:00,23.35,49.12,BuildingB_Floor2,TypeA
1023,2025-04-09 02:50:09,25.51,77.36,BuildingB_Floor2,TypeC
1077,2025-04-10 17:13:19,16.12,42.88,BuildingA_Floor2,TypeB
1034,2025-04-09 05:29:15,20.95,52.43,BuildingA_Floor1,TypeB
1030,2025-04-08 03:50:18,28.06,35.1,BuildingA_Floor2,TypeB
1086,2025-04-10 03:04:22,24.19,78.71,BuildingB_Floor2,TypeA
1092,2025-04-07 12:27:30,30.02,66.38,BuildingB_Floor2,TypeC
1049,2025-04-10 05:01:16,32.67,73.04,BuildingB_Floor1,TypeC
1098,2025-04-06 05:14:47,20.61,32.25,BuildingA_Floor2,TypeC
1079,2025-04-08 04:25:11,18.05,40.23,BuildingB_Floor1,TypeC
1023,2025-04-07 04:05:45,20.35,45.94,BuildingA_Floor1,TypeB
1031,2025-04-06 13:49:21,19.11,73.12,BuildingB_Floor1,TypeB
1064,2025-04-07 07:55:36,29.85,67.88,BuildingA_Floor1,TypeC
1074,2025-04-10 12:18:38,18.2,33.44,BuildingA_Floor1,TypeB
1005,2025-04-07 18:03:57,16.28,49.54,BuildingA_Floor1,TypeC
1062,2025-04-09 03:23:52,18.53,45.87,BuildingB_Floor2,TypeC
1024,2025-04-06 09:55:52,33.22,69.03,BuildingA_Floor1,TypeA
1011,2025-04-07 13:46:18,32.34,63.63,BuildingB_Floor2,TypeA
1026,2025-04-07 07:00:14,23.08,70.49,BuildingA_Floor1,TypeB
1028,2025-04-08 05:33:50,31.43,62.05,BuildingB_Floor2,TypeA
1096,2025-04-06 18:08:25,17.96,37.71,BuildingA_Floor1,TypeC
1074,2025-04-10 10:54:38,23.52,33.73,BuildingA_Floor2,TypeC
1083,2025-04-09 11:26:31,27.28,45.47,BuildingA_Floor1,TypeA
1078,2025-04-08 16:32:18,29.53,46.79,BuildingA_Floor1,TypeB
1002,2025-04-06 20:55:17,18.03,73.5,BuildingB_Floor2,TypeC
1034,2025-04-06 16:24:49,23.11,37.32,BuildingB_Floor2,TypeB
1042,2025-04-09 08:41:43,26.0,35.48,BuildingA_Floor2,TypeC
1030,2025-04-07 19:33:44,28.53,43.9,BuildingA_Floor2,TypeA
1024,2025-04-06 23:53:48,23.68,53.83,BuildingA_Floor1,TypeC
1039,2025-04-09 12:51:25,29.24,70.58,BuildingA_Floor2,TypeB
1091,2025-04-07 11:25:32,24.56,58.14,BuildingA_Floor2,TypeA
1017,2025-04-09 21:21:01,15.21,52.37,BuildingA_Floor2,TypeA
1082,2025-04-07 09:48:23,29.38,62.0,BuildingA_Floor1,TypeA
1019,2025-04-06 16:10:37,34.58,67.4,BuildingB_Floor2,TypeB
1030,2025-04-10 15:33:55,28.07,53.63,BuildingB_Floor2,TypeC
1089,2025-04-06 02:16:47,18.02,30.56,BuildingB_Floor1,TypeB
1045,2025-04-10 03:13:29,33.5,33.31,BuildingB_Floor2,TypeA
1071,2025-04-09 16:36:44,24.05,44.54,BuildingA_Floor1,TypeA
1024,2025-04-07 23:35:13,22.96,48.12,BuildingA_Floor2,TypeB
1022,2025-04-08 16:14:54,17.23,43.54,BuildingB_Floor1,TypeA
1063,2025-04-06 15:59:01,29.1,69.86,BuildingB_Floor2,TypeB
1050,2025-04-09 14:42:37,17.91,64.42,BuildingA_Floor1,TypeA
1079,2025-04-09 11:01:21,30.22,68.1,BuildingB_Floor2,TypeB
1057,2025-04-09 06:53:08,31.62,69.11,BuildingA_Floor1,TypeA
1004,2025-04-10 09:11:19,18.92,68.18,BuildingA_Floor1,TypeC
1047,2025-04-09 04:51:13,19.77,76.68,BuildingA_Floor1,TypeC
1035,2025-04-10 15:02:37,30.76,75.02,BuildingB_Floor2,TypeA
1092,2025-04-06 17:52:30,33.77,52.25,BuildingA_Floor1,TypeA
1008,2025-04-08 13:16:45,24.61,37.82,BuildingB_Floor1,TypeA
1060,2025-04-09 05:55:00,19.65,38.38,BuildingB_Floor1,TypeC
1045,2025-04-08 11:44:56,21.47,33.59,BuildingA_Floor1,TypeB
1084,2025-04-06 16:34:24,19.82,66.15,BuildingB_Floor2,TypeC
1035,2025-04-08 11:03:54,28.77,67.07,BuildingB_Floor2,TypeA
1053,2025-04-07 10:54:51,27.28,41.85,BuildingA_Floor2,TypeC
1028,2025-04-10 22:03:06,34.19,60.54,BuildingA_Floor1,TypeA
1015,2025-04-08 11:18:30,31.24,32.2,BuildingA_Floor1,TypeC
1016,2025-04-07 21:31:19,32.21,61.73,BuildingB_Floor2,TypeB
1077,2025-04-07 02:21:36,32.42,69.8,BuildingB_Floor1,TypeC
1043,2025-04-07 17:17:54,23.57,72.24,BuildingA_Floor2,TypeC
1050,2025-04-06 22:41:50,28.96,43.0,BuildingA_Floor2,TypeC
1063,2025-04-08 03:02:47,34.27,62.45,BuildingB_Floor1,TypeB
1020,2025-04-06 01:46:24,34.26,48.13,BuildingA_Floor2,TypeC
1026,2025-04-06 07:13:53,22.81,50.28,BuildingA_Floor1,TypeB
1014,2025-04-10 20:39:02,23.8,63.49,BuildingA_Floor2,TypeC
1027,2025-04-08 15:05:53,30.12,50.56,BuildingA_Floor2,TypeA
1099,2025-04-10 16:31:49,21.1,70.67,BuildingA_Floor1,TypeA
1022,2025-04-08 18:07:49,17.49,49.61,BuildingB_Floor1,TypeA
1061,2025-04-07 14:15:35,17.99,63.28,BuildingB_Floor2,TypeB
1008,2025-04-07 06:01:43,33.17,53.43,BuildingB_Floor2,TypeA
1083,2025-04-10 06:34:42,16.21,56.39,BuildingA_Floor2,TypeA
1039,2025-04-10 11:05:23,15.6,31.08,BuildingB_Floor1,TypeB
1031,2025-04-06 08:01:46,16.19,44.31,BuildingA_Floor2,TypeA
1027,2025-04-10 13:36:20,17.48,54.21,BuildingB_Floor2,TypeA
1074,2025-04-08 11:13:00,21.4,36.78,BuildingB_Floor1,TypeA
1015,2025-04-06 19:59:50,23.8,33.03,BuildingA_Floor2,TypeC
1052,2025-04-07 19:27:41,34.97,52.41,BuildingB_Floor2,TypeB
1004,2025-04-10 06:02:32,25.11,65.76,BuildingA_Floor1,TypeC
1000,2025-04-08 04:58:57,28.79,42.05,BuildingA_Floor1,TypeA
1031,2025-04-07 01:44:42,18.38,76.48,BuildingA_Floor2,TypeB
1001,2025-04-07 23:06:50,24.8,64.88,BuildingB_Floor1,TypeB
1036,2025-04-07 13:36:29,27.41,30.55,BuildingB_Floor1,TypeA
1084,2025-04-10 21:34:21,16.78,59.02,BuildingB_Floor1,TypeC
1015,2025-04-07 20:04:44,26.7,33.53,BuildingA_Floor1,TypeA
1088,2025-04-08 22:13:18,31.25,37.13,BuildingA_Floor2,TypeA
1100,2025-04-07 11:12:10,20.47,78.67,BuildingB_Floor1,TypeC
1073,2025-04-08 02:44:47,29.06,39.82,BuildingA_Floor1,TypeA
1022,2025-04-08 10:16:50,32.35,76.03,BuildingB_Floor2,TypeC
1044,2025-04-09 12:14:46,19.79,41.6,BuildingA_Floor2,TypeA
1096,2025-04-10 02:12:20,31.99,31.41,BuildingB_Floor2,TypeB
1050,2025-04-09 08:18:18,33.82,73.53,BuildingB_Floor1,TypeA
1020,2025-04-10 10:26:55,26.58,72.06,BuildingB_Floor2,TypeC
1052,2025-04-07 06:03:43,16.03,71.87,BuildingB_Floor1,TypeC
1037,2025-04-09 09:54:39,18.35,54.42,BuildingB_Floor2,TypeC
1087,2025-04-07 08:19:33,26.08,62.12,BuildingA_Floor2,TypeC
1083,2025-04-09 01:11:52,27.74,46.65,BuildingA_Floor2,TypeA
1024,2025-04-08 21:24:38,18.69,38.4,BuildingA_Floor2,TypeA
1013,2025-04-07 12:49:05,24.05,31.05,BuildingB_Floor1,TypeB
1077,2025-04-06 14:37:28,30.56,30.12,BuildingB_Floor1,TypeB
1003,2025-04-09 14:24:51,20.65,74.81,BuildingA_Floor1,TypeA
1009,2025-04-10 09:37:23,34.26,64.36,BuildingA_Floor2,TypeC
1016,2025-04-08 07:37:36,19.31,62.28,BuildingB_Floor2,TypeB
1093,2025-04-06 10:57:45,32.66,39.07,BuildingA_Floor1,TypeA
1037,2025-04-06 04:20:55,31.61,55.46,BuildingA_Floor1,TypeA
1048,2025-04-06 19:38:08,28.41,48.86,BuildingB_Floor2,TypeC
1087,2025-04-07 22:40:25,24.63,65.44,BuildingA_Floor1,TypeA
1024,2025-04-10 04:04:52,17.57,64.53,BuildingB_Floor1,TypeC
1034,2025-04-06 14:55:42,28.48,60.39,BuildingA_Floor1,TypeB
1034,2025-04-07 15:36:48,22.9,42.36,BuildingB_Floor2,TypeA
1047,2025-04-10 05:59:59,21.1,30.05,BuildingB_Floor1,TypeA
1064,2025-04-06 13:38:39,22.6,76.55,BuildingB_Floor2,TypeC
1086,2025-04-07 17:54:41,30.45,38.96,BuildingB_Floor1,TypeA
1033,2025-04-06 22:02:22,15.26,49.48,BuildingA_Floor1,TypeC
1061,2025-04-06 11:59:59,24.68,38.89,BuildingB_Floor1,TypeB
1063,2025-04-08 23:28:07,32.63,79.57,BuildingB_Floor2,TypeA
1066,2025-04-09 07:58:09,28.36,47.5,BuildingA_Floor2,TypeC
1063,2025-04-10 18:07:34,33.34,62.09,BuildingB_Floor2,TypeC
1065,2025-04-06 07:32:20,27.52,34.17,BuildingA_Floor2,TypeA
1062,2025-04-06 13:30:28,17.96,45.09,BuildingA_Floor2,TypeA
1086,2025-04-06 15:03:53,26.72,43.34,BuildingB_Floor1,TypeA
1037,2025-04-10 13:11:54,18.63,67.77,BuildingA_Floor1,TypeC
1011,2025-04-06 12:40:44,20.5,52.37,BuildingB_Floor1,TypeA
1077,2025-04-08 21:34:57,23.97,61.05,BuildingB_Floor1,TypeC
1003,2025-04-08 00:32:25,26.08,59.63,BuildingA_Floor1,TypeB
1020,2025-04-06 13:53:25,17.42,72.06,BuildingB_Floor2,TypeB
1089,2025-04-07 18:46:18,24.38,52.33,BuildingB_Floor2,TypeC
1039,2025-04-06 15:06:18,18.99,37.6,BuildingA_Floor1,TypeB
1019,2025-04-08 06:19:47,19.3,37.41,BuildingA_Floor2,TypeA
1014,2025-04-07 00:10:02,16.32,77.31,BuildingA_Floor2,TypeC
1071,2025-04-06 08:16:11,29.62,74.94,BuildingA_Floor2,TypeB
1010,2025-04-06 23:08:35,30.97,51.67,BuildingB_Floor2,TypeA
1009,2025-04-09 17:26:54,30.61,46.41,BuildingB_Floor1,TypeC
1029,2025-04-06 21:14:29,31.14,53.62,BuildingA_Floor2,TypeC
1060,2025-04-06 14:28:44,15.03,56.81,BuildingA_Floor1,TypeA
1011,2025-04-10 03:35:53,30.05,63.58,BuildingA_Floor1,TypeB
1055,2025-04-06 06:49:33,24.18,66.48,BuildingB_Floor2,TypeA
1069,2025-04-08 00:51:15,34.98,49.77,BuildingA_Floor1,TypeA
1096,2025-04-08 21:40:03,34.43,69.07,BuildingB_Floor2,TypeC
1053,2025-04-09 19:38:56,23.76,31.43,BuildingA_Floor1,TypeC
1014,2025-04-06 04:33:16,27.87,34.24,BuildingB_Floor1,TypeA
1036,2025-04-08 18:12:27,25.35,41.68,BuildingA_Floor1,TypeC
1022,2025-04-09 18:17:45,21.29,55.91,BuildingA_Floor1,TypeA
1026,2025-04-07 11:04:57,24.12,45.64,BuildingB_Floor2,TypeB
1008,2025-04-06 06:09:57,23.62,46.87,BuildingB_Floor1,TypeA
1089,2025-04-10 21:36:57,33.46,76.95,BuildingA_Floor2,TypeA
1094,2025-04-06 02:55:12,25.66,75.59,BuildingA_Floor1,TypeA
1041,2025-04-09 16:30:29,31.3,56.67,BuildingB_Floor2,TypeB
1074,2025-04-07 06:12:15,21.74,76.21,BuildingA_Floor2,TypeB
1054,2025-04-10 01:21:54,26.8,30.04,BuildingB_Floor1,TypeC
1008,2025-04-08 10:44:29,27.17,65.93,BuildingA_Floor1,TypeA
1041,2025-04-09 20:04:56,29.03,78.59,BuildingB_Floor1,TypeC
1041,2025-04-07 03:10:33,29.59,35.47,BuildingA_Floor2,TypeA
1022,2025-04-06 23:09:01,29.71,37.31,BuildingA_Floor1,TypeB
1090,2025-04-07 23:42:40,30.77,74.87,BuildingA_Floor1,TypeB
1023,2025-04-08 03:42:54,18.93,62.69,BuildingA_Floor1,TypeA
1061,2025-04-07 17:54:48,31.69,70.44,BuildingA_Floor1,TypeB
1048,2025-04-09 21:12:55,24.3,37.81,BuildingA_Floor1,TypeA
1037,2025-04-08 00:46:17,27.56,67.92,BuildingA_Floor2,TypeA
1068,2025-04-06 14:23:27,15.33,49.89,BuildingA_Floor1,TypeA
1093,2025-04-07 11:42:54,27.89,37.94,BuildingA_Floor2,TypeA
1096,2025-04-06 01:58:16,24.8,60.52,BuildingB_Floor2,TypeB
1072,2025-04-10 22:33:47,20.49,62.18,BuildingA_Floor1,TypeA
1004,2025-04-06 03:59:50,28.39,57.15,BuildingA_Floor2,TypeC
1056,2025-04-07 00:37:33,22.08,37.22,BuildingA_Floor2,TypeC
1008,2025-04-06 08:07:18,15.24,46.71,BuildingB_Floor1,TypeA
1001,2025-04-07 12:30:17,34.65,40.95,BuildingA_Floor1,TypeC
1063,2025-04-06 04:05:31,22.69,71.36,BuildingA_Floor2,TypeC
1090,2025-04-09 14:36:41,31.64,48.06,BuildingB_Floor2,TypeC
1011,2025-04-07 02:11:44,22.36,33.28,BuildingA_Floor2,TypeB
1034,2025-04-09 00:33:27,31.79,49.25,BuildingA_Floor1,TypeB
1026,2025-04-07 23:20:54,16.79,31.39,BuildingB_Floor2,TypeA
1012,2025-04-06 14:00:14,29.38,59.53,BuildingB_Floor1,TypeC
1019,2025-04-09 20:53:29,27.72,40.87,BuildingA_Floor2,TypeC
1059,2025-04-06 11:43:15,16.17,32.08,BuildingA_Floor1,TypeA
1079,2025-04-10 20:59:05,28.13,32.35,BuildingB_Floor1,TypeA
1003,2025-04-07 15:52:10,25.23,71.77,BuildingB_Floor2,TypeA
1075,2025-04-07 07:55:35,15.82,33.84,BuildingB_Floor2,TypeB
1061,2025-04-06 15:27:31,30.06,46.79,BuildingA_Floor2,TypeB
1013,2025-04-07 12:21:14,21.8,57.59,BuildingB_Floor2,TypeB
1074,2025-04-09 07:14:49,22.62,57.5,BuildingB_Floor2,TypeC
1033,2025-04-08 18:01:36,25.98,52.95,BuildingB_Floor1,TypeA
1023,2025-04-08 06:29:01,28.12,46.77,BuildingB_Floor1,TypeC
1011,2025-04-10 22:50:58,23.2,36.49,BuildingA_Floor1,TypeC
1074,2025-04-06 06:01:00,31.91,62.18,BuildingA_Floor1,TypeB
1046,2025-04-07 22:18:13,26.4,31.51,BuildingA_Floor2,TypeA
1019,2025-04-10 19:20:09,15.09,52.86,BuildingB_Floor1,TypeA
1007,2025-04-10 20:30:22,19.32,42.25,BuildingB_Floor2,TypeC
1065,2025-04-06 06:23:50,24.27,74.19,BuildingA_Floor1,TypeA
1090,2025-04-07 06:03:02,33.79,30.61,BuildingA_Floor1,TypeB
1015,2025-04-08 14:18:42,15.12,71.85,BuildingA_Floor2,TypeB
1083,2025-04-09 18:19:29,18.49,60.92,BuildingB_Floor2,TypeC
1100,2025-04-10 23:16:47,15.29,44.07,BuildingB_Floor2,TypeB
1064,2025-04-06 12:57:23,15.73,56.3,BuildingB_Floor1,TypeA
1072,2025-04-09 16:07:20,26.72,76.1,BuildingB_Floor1,TypeA
1021,2025-04-10 10:43:11,18.76,39.92,BuildingA_Floor1,TypeB
1086,2025-04-06 06:33:21,16.09,72.7,BuildingA_Floor2,TypeB
1071,2025-04-08 05:25:12,18.77,69.26,BuildingA_Floor2,TypeB
1033,2025-04-09 15:18:05,23.56,68.87,BuildingA_Floor1,TypeC
1076,2025-04-09 09:05:18,21.5,30.98,BuildingB_Floor2,TypeA
1045,2025-04-07 19:50:01,15.71,69.91,BuildingB_Floor1,TypeB
1039,2025-04-06 17:00:24,20.72,58.87,BuildingA_Floor2,TypeB
1005,2025-04-10 21:12:24,27.84,58.07,BuildingB_Floor1,TypeA
1098,2025-04-08 03:12:29,31.18,53.21,BuildingA_Floor2,TypeA
1068,2025-04-09 10:40:27,24.73,74.16,BuildingB_Floor1,TypeA
1088,2025-04-08 12:55:58,32.72,52.26,BuildingB_Floor1,TypeB
1077,2025-04-08 08:55:18,32.12,48.07,BuildingB_Floor2,TypeB
1031,2025-04-09 09:34:31,25.31,49.58,BuildingB_Floor2,TypeC
1078,2025-04-10 13:14:02,24.72,67.34,BuildingA_Floor2,TypeA
1067,2025-04-08 01:26:13,25.55,31.33,BuildingA_Floor1,TypeA
1089,2025-04-07 22:57:19,24.09,42.24,BuildingA_Floor1,TypeC
1016,2025-04-06 17:53:30,27.88,73.46,BuildingA_Floor1,TypeC
1031,2025-04-10 16:17:54,28.7,65.31,BuildingB_Floor1,TypeA
1046,2025-04-10 18:52:01,24.87,59.78,BuildingA_Floor1,TypeB
1065,2025-04-08 03:33:21,16.89,50.07,BuildingB_Floor2,TypeC
1033,2025-04-07 11:24:26,23.4,58.35,BuildingB_Floor2,TypeA
1068,2025-04-06 01:06:48,27.42,67.32,BuildingA_Floor1,TypeA
1071,2025-04-07 08:56:49,31.51,39.32,BuildingB_Floor2,TypeA
1034,2025-04-09 23:52:15,29.68,47.18,BuildingB_Floor1,TypeB
1084,2025-04-06 11:14:05,27.91,65.01,BuildingB_Floor2,TypeA
1046,2025-04-07 11:28:36,15.38,34.45,BuildingA_Floor1,TypeB
1047,2025-04-08 00:25:21,32.8,37.34,BuildingB_Floor2,TypeC
1006,2025-04-08 02:34:33,23.23,53.62,BuildingA_Floor2,TypeB
1100,2025-04-09 06:21:13,16.27,40.38,BuildingB_Floor2,TypeA
1057,2025-04-07 03:29:02,21.31,34.05,BuildingB_Floor2,TypeB
1060,2025-04-10 09:34:02,20.72,70.08,BuildingB_Floor1,TypeB
1027,2025-04-10 09:38:31,24.33,50.5,BuildingA_Floor2,TypeA
1096,2025-04-09 22:03:01,20.08,59.82,BuildingA_Floor1,TypeC
1059,2025-04-09 06:55:36,16.54,77.86,BuildingA_Floor2,TypeC
1097,2025-04-06 01:28:27,26.65,66.53,BuildingB_Floor1,TypeA
1056,2025-04-07 01:22:12,24.04,46.18,BuildingA_Floor1,TypeC
1088,2025-04-10 03:07:37,32.78,43.01,BuildingB_Floor1,TypeA
1069,2025-04-08 01:41:08,15.18,51.3,BuildingA_Floor2,TypeB
1054,2025-04-06 15:16:19,32.91,58.04,BuildingB_Floor1,TypeB
1045,2025-04-09 20:56:04,26.99,73.46,BuildingA_Floor1,TypeA
1028,2025-04-08 20:30:24,32.38,63.61,BuildingB_Floor1,TypeC
1062,2025-04-10 04:57:52,33.79,33.16,BuildingA_Floor2,TypeC
1018,2025-04-09 20:08:46,28.36,50.38,BuildingB_Floor2,TypeC
1036,2025-04-10 15:35:43,19.21,47.69,BuildingB_Floor2,TypeB
1027,2025-04-06 23:22:16,27.23,70.39,BuildingB_Floor1,TypeC
1051,2025-04-08 08:35:36,22.53,78.88,BuildingA_Floor2,TypeA
1077,2025-04-08 09:53:22,29.21,32.88,BuildingA_Floor2,TypeC
1083,2025-04-07 01:58:59,15.11,30.99,BuildingA_Floor2,TypeC
1046,2025-04-10 01:52:00,25.03,35.63,BuildingB_Floor1,TypeB
1068,2025-04-10 13:59:53,25.18,67.06,BuildingB_Floor2,TypeC
1082,2025-04-09 16:16:51,31.49,36.83,BuildingB_Floor1,TypeA
1050,2025-04-09 20:17:15,18.58,36.02,BuildingB_Floor2,TypeB
1025,2025-04-06 02:52:05,24.27,37.15,BuildingA_Floor1,TypeB
1063,2025-04-06 14:08:07,29.14,36.17,BuildingA_Floor1,TypeA
1038,2025-04-07 23:28:35,26.16,74.31,BuildingB_Floor2,TypeB
1091,2025-04-08 03:47:13,28.32,30.77,BuildingB_Floor1,TypeB
1009,2025-04-06 03:55:06,24.04,40.17,BuildingA_Floor1,TypeB
1026,2025-04-07 02:01:55,16.13,68.48,BuildingB_Floor2,TypeA
1008,2025-04-10 12:58:48,29.98,50.45,BuildingA_Floor1,TypeA
1034,2025-04-07 23:46:50,15.84,46.28,BuildingB_Floor1,TypeA
1061,2025-04-10 19:47:16,29.12,71.81,BuildingA_Floor1,TypeB
1055,2025-04-07 22:06:58,28.06,32.1,BuildingA_Floor2,TypeB
1034,2025-04-07 01:12:54,18.14,33.08,BuildingA_Floor2,TypeB
1042,2025-04-06 10:36:27,29.55,73.92,BuildingB_Floor2,TypeC
1015,2025-04-08 14:04:47,20.47,48.78,BuildingA_Floor1,TypeB
1000,2025-04-07 13:38:40,18.91,42.38,BuildingB_Floor1,TypeB
1015,2025-04-10 10:23:52,34.67,35.11,BuildingA_Floor1,TypeA
1039,2025-04-07 17:54:14,31.61,37.31,BuildingB_Floor1,TypeB
1085,2025-04-10 12:05:05,32.98,63.47,BuildingB_Floor1,TypeC
1029,2025-04-07 05:11:36,24.85,57.74,BuildingA_Floor2,TypeC
1011,2025-04-06 13:54:20,27.43,55.31,BuildingB_Floor1,TypeA
1035,2025-04-06 07:48:22,17.25,43.46,BuildingA_Floor1,TypeB
1045,2025-04-10 12:21:01,26.62,74.48,BuildingB_Floor2,TypeB
1030,2025-04-06 15:26:25,17.82,39.8,BuildingA_Floor1,TypeC
1080,2025-04-06 12:22:43,21.04,68.46,BuildingB_Floor2,TypeB
1075,2025-04-09 13:04:25,30.93,34.34,BuildingA_Floor2,TypeC
1013,2025-04-08 05:51:19,32.35,63.48,BuildingA_Floor2,TypeA
1089,2025-04-08 19:12:40,19.53,68.86,BuildingB_Floor1,TypeA
1024,2025-04-07 23:34:31,28.43,51.61,BuildingB_Floor1,TypeC
1055,2025-04-08 23:24:25,33.64,45.51,BuildingA_Floor1,TypeA
1037,2025-04-08 13:05:07,18.34,31.74,BuildingA_Floor2,TypeB
1005,2025-04-06 12:00:56,25.24,51.41,BuildingA_Floor2,TypeB
1040,2025-04-10 20:50:54,19.83,78.59,BuildingA_Floor1,TypeC
1020,2025-04-10 19:01:26,26.71,64.65,BuildingB_Floor1,TypeB
1035,2025-04-08 01:03:40,29.33,38.01,BuildingB_Floor1,TypeC
1055,2025-04-06 09:17:11,21.64,44.77,BuildingA_Floor2,TypeC
1009,2025-04-09 16:37:16,31.45,45.41,BuildingB_Floor1,TypeC
1006,2025-04-07 07:12:38,16.18,56.81,BuildingA_Floor1,TypeC
1053,2025-04-10 04:38:58,27.35,56.31,BuildingA_Floor2,TypeC
1079,2025-04-06 22:21:44,34.06,37.69,BuildingA_Floor2,TypeA
1073,2025-04-09 06:34:49,33.99,48.93,BuildingB_Floor1,TypeB
1002,2025-04-08 21:02:34,22.07,57.47,BuildingA_Floor1,TypeA
1083,2025-04-08 14:26:04,15.53,62.85,BuildingB_Floor1,TypeB
1035,2025-04-07 23:05:51,27.32,44.59,BuildingB_Floor1,TypeB
1066,2025-04-07 19:33:42,24.62,49.15,BuildingA_Floor2,TypeC
1089,2025-04-08 22:05:26,16.44,30.06,BuildingA_Floor1,TypeB
1096,2025-04-08 03:43:53,29.17,62.53,BuildingB_Floor2,TypeC
1031,2025-04-10 15:06:05,19.78,60.33,BuildingA_Floor1,TypeA
1092,2025-04-10 20:13:13,34.48,60.85,BuildingA_Floor2,TypeC
1021,2025-04-07 21:43:31,21.96,60.98,BuildingB_Floor1,TypeA
1006,2025-04-10 15:55:00,33.32,36.02,BuildingB_Floor1,TypeB
1060,2025-04-07 02:34:15,30.51,35.79,BuildingA_Floor1,TypeA
1045,2025-04-10 23:26:32,29.22,69.43,BuildingB_Floor1,TypeC
1051,2025-04-06 22:16:47,33.38,35.98,BuildingB_Floor2,TypeA
1042,2025-04-09 07:35:56,26.19,46.38,BuildingA_Floor2,TypeC
1084,2025-04-10 21:57:48,15.87,63.06,BuildingB_Floor1,TypeC
1018,2025-04-06 10:05:22,28.09,73.22,BuildingA_Floor1,TypeB
1009,2025-04-10 09:05:45,32.63,71.37,BuildingA_Floor2,TypeB
1003,2025-04-08 12:28:22,21.59,48.3,BuildingB_Floor1,TypeA
1038,2025-04-08 05:30:12,18.61,53.75,BuildingA_Floor1,TypeB
1051,2025-04-07 04:54:08,28.45,73.8,BuildingA_Floor2,TypeC
1020,2025-04-06 07:23:14,16.21,32.85,BuildingA_Floor2,TypeA
1060,2025-04-06 15:41:45,24.83,41.64,BuildingA_Floor1,TypeA
1002,2025-04-06 07:27:55,18.72,58.36,BuildingA_Floor2,TypeA
1096,2025-04-08 21:11:42,29.33,66.21,BuildingB_Floor2,TypeB
1064,2025-04-10 06:58:15,32.16,34.31,BuildingB_Floor2,TypeA
1068,2025-04-10 18:09:52,26.48,37.73,BuildingB_Floor2,TypeB
1015,2025-04-07 20:15:16,21.86,62.88,BuildingB_Floor1,TypeC
1031,2025-04-07 21:08:01,27.54,64.23,BuildingA_Floor1,TypeA
1058,2025-04-09 23:14:54,23.13,47.95,BuildingA_Floor2,TypeC
1070,2025-04-08 20:37:10,23.83,69.36,BuildingA_Floor1,TypeA
1064,2025-04-06 16:42:36,25.96,69.54,BuildingB_Floor2,TypeC
1007,2025-04-07 13:30:47,33.98,68.17,BuildingB_Floor2,TypeC
1015,2025-04-06 13:44:01,29.65,74.15,BuildingA_Floor2,TypeC
1025,2025-04-10 13:06:42,16.54,69.35,BuildingA_Floor1,TypeC
1032,2025-04-08 22:34:34,32.38,72.37,BuildingB_Floor1,TypeC
1040,2025-04-09 15:56:25,22.85,50.47,BuildingB_Floor2,TypeA
1031,2025-04-07 11:21:45,20.2,38.18,BuildingA_Floor2,TypeB
1061,2025-04-06 19:10:54,34.29,50.16,BuildingA_Floor2,TypeC
1080,2025-04-10 21:47:05,16.38,44.43,BuildingA_Floor2,TypeA
1087,2025-04-08 05:40:40,26.33,66.85,BuildingA_Floor1,TypeB
1052,2025-04-08 04:07:37,31.5,47.13,BuildingA_Floor1,TypeC
1025,2025-04-08 23:02:33,30.54,32.35,BuildingB_Floor2,TypeA
1025,2025-04-07 12:24:39,16.4,52.56,BuildingB_Floor1,TypeB
1100,2025-04-09 14:24:26,18.82,46.35,BuildingB_Floor1,TypeC
1053,2025-04-10 22:47:03,17.81,31.93,BuildingB_Floor2,TypeC
1079,2025-04-08 16:03:46,31.69,70.89,BuildingA_Floor2,TypeB
1062,2025-04-09 19:21:51,20.5,77.93,BuildingA_Floor2,TypeB
1035,2025-04-10 11:18:29,23.22,50.14,BuildingA_Floor1,TypeB
1099,2025-04-08 16:32:07,24.04,58.93,BuildingA_Floor1,TypeC
1025,2025-04-06 13:02:26,16.29,60.63,BuildingA_Floor2,TypeC
1091,2025-04-08 14:09:35,19.39,62.46,BuildingB_Floor1,TypeB
1041,2025-04-07 10:01:54,21.05,60.0,BuildingA_Floor1,TypeA
1050,2025-04-07 18:48:11,34.58,70.86,BuildingB_Floor2,TypeC
1018,2025-04-09 09:29:11,24.17,53.9,BuildingA_Floor2,TypeC
1086,2025-04-07 01:12:36,17.5,31.7,BuildingB_Floor2,TypeA
1054,2025-04-10 10:18:45,18.32,35.37,BuildingB_Floor1,TypeB
1053,2025-04-07 20:26:24,17.39,58.32,BuildingB_Floor1,TypeA
1026,2025-04-10 06:38:30,33.41,71.15,BuildingB_Floor1,TypeA
1079,2025-04-07 20:42:58,21.36,38.48,BuildingB_Floor1,TypeC
1027,2025-04-09 14:53:05,31.35,57.82,BuildingA_Floor1,TypeA
1041,2025-04-10 08:30:22,20.09,69.13,BuildingB_Floor1,TypeB
1037,2025-04-10 16:20:27,16.34,51.21,BuildingA_Floor1,TypeB
1087,2025-04-09 07:16:06,31.18,66.61,BuildingB_Floor1,TypeB
1025,2025-04-09 06:13:39,34.24,54.53,BuildingB_Floor1,TypeB
1040,2025-04-09 13:48:20,16.74,60.49,BuildingB_Floor2,TypeC
1055,2025-04-08 04:22:29,22.53,32.72,BuildingB_Floor2,TypeA
1038,2025-04-09 18:24:06,20.15,59.04,BuildingA_Floor1,TypeB
1057,2025-04-10 21:00:06,29.51,51.66,BuildingA_Floor2,TypeC
1047,2025-04-10 17:14:51,23.63,66.06,BuildingB_Floor2,TypeA
1046,2025-04-08 17:12:45,25.39,50.77,BuildingB_Floor1,TypeB
1093,2025-04-06 17:48:32,19.75,64.42,BuildingA_Floor1,TypeB
1078,2025-04-07 04:09:17,20.81,79.93,BuildingB_Floor1,TypeC
1011,2025-04-08 09:33:16,31.84,72.87,BuildingA_Floor2,TypeA
1072,2025-04-08 00:31:18,32.56,60.44,BuildingA_Floor1,TypeB
1003,2025-04-08 03:10:32,22.11,60.08,BuildingB_Floor2,TypeB
1016,2025-04-10 17:57:06,17.6,67.64,BuildingB_Floor2,TypeA
1069,2025-04-06 21:50:20,32.99,71.34,BuildingA_Floor2,TypeA
1089,2025-04-07 02:02:18,18.24,60.21,BuildingB_Floor2,TypeA
1088,2025-04-09 07:45:02,34.39,33.41,BuildingA_Floor2,TypeA
1019,2025-04-07 23:53:20,19.92,30.0,BuildingB_Floor2,TypeB
1069,2025-04-06 03:19:09,17.76,44.36,BuildingA_Floor1,TypeA
1007,2025-04-09 19:30:47,19.5,36.69,BuildingA_Floor2,TypeB
1075,2025-04-07 21:32:00,22.6,30.18,BuildingB_Floor1,TypeB
1074,2025-04-06 05:53:31,34.59,30.1,BuildingA_Floor2,TypeB
1050,2025-04-10 06:12:51,32.03,58.14,BuildingA_Floor2,TypeB
1082,2025-04-08 16:02:04,18.23,68.36,BuildingB_Floor1,TypeA
1020,2025-04-07 18:38:59,23.79,30.3,BuildingA_Floor1,TypeC
1058,2025-04-06 17:54:17,23.92,60.59,BuildingB_Floor1,TypeA
1100,2025-04-09 04:14:55,22.82,38.58,BuildingB_Floor2,TypeC
1038,2025-04-06 23:36:23,28.14,65.36,BuildingB_Floor1,TypeC
1062,2025-04-06 07:46:18,24.44,43.82,BuildingB_Floor1,TypeC
1034,2025-04-06 07:43:00,28.0,33.57,BuildingA_Floor2,TypeB
1086,2025-04-10 02:05:08,26.47,59.74,BuildingB_Floor2,TypeA
1045,2025-04-09 05:32:22,22.02,39.97,BuildingA_Floor1,TypeA
1097,2025-04-06 14:36:38,27.47,53.55,BuildingB_Floor2,TypeA
1009,2025-04-09 09:09:49,21.87,53.94,BuildingA_Floor2,TypeA
1070,2025-04-10 16:45:55,33.96,49.88,BuildingB_Floor1,TypeA
1005,2025-04-08 04:13:39,33.51,55.31,BuildingB_Floor2,TypeC
1011,2025-04-07 03:34:16,29.02,65.57,BuildingA_Floor1,TypeB
1016,2025-04-09 01:42:30,15.67,63.0,BuildingA_Floor1,TypeB
1027,2025-04-07 19:10:26,28.72,62.21,BuildingB_Floor1,TypeC
1094,2025-04-07 09:58:14,20.9,41.6,BuildingA_Floor1,TypeC
1083,2025-04-09 03:34:38,20.36,56.66,BuildingB_Floor2,TypeB
1077,2025-04-09 01:50:23,33.14,73.84,BuildingB_Floor1,TypeC
1070,2025-04-08 23:29:15,32.1,62.77,BuildingA_Floor2,TypeB
1085,2025-04-09 22:20:53,30.44,58.15,BuildingB_Floor1,TypeC
1088,2025-04-07 08:49:36,30.84,60.01,BuildingB_Floor1,TypeC
1045,2025-04-08 08:36:12,15.1,56.65,BuildingB_Floor1,TypeA
1070,2025-04-06 09:28:22,23.05,39.95,BuildingA_Floor2,TypeB
1074,2025-04-10 01:10:56,22.94,76.5,BuildingB_Floor2,TypeB
1035,2025-04-08 10:43:48,19.91,73.61,BuildingA_Floor1,TypeA
1096,2025-04-09 04:02:25,16.63,47.55,BuildingB_Floor2,TypeC
1022,2025-04-09 09:00:35,20.64,51.2,BuildingB_Floor2,TypeB
1006,2025-04-10 08:41:20,21.66,66.94,BuildingB_Floor1,TypeA
1013,2025-04-07 11:39:24,28.15,59.7,BuildingA_Floor1,TypeB
1063,2025-04-08 16:30:36,30.1,47.55,BuildingA_Floor1,TypeC
1050,2025-04-07 08:37:27,20.4,42.94,BuildingA_Floor2,TypeC
1061,2025-04-08 16:56:00,29.04,79.56,BuildingB_Floor2,TypeB
1058,2025-04-10 15:46:05,24.91,32.97,BuildingB_Floor1,TypeB
1089,2025-04-07 04:03:17,26.46,78.76,BuildingB_Floor1,TypeC
1095,2025-04-06 14:15:47,15.28,76.64,BuildingB_Floor2,TypeB
1040,2025-04-06 05:05:21,16.48,31.56,BuildingA_Floor2,TypeC
1063,2025-04-06 21:00:25,27.46,35.59,BuildingA_Floor2,TypeA
1048,2025-04-10 02:12:52,28.3,71.82,BuildingA_Floor2,TypeA
1072,2025-04-09 08:55:08,15.8,45.57,BuildingB_Floor2,TypeC
1031,2025-04-07 09:02:55,17.45,36.98,BuildingB_Floor1,TypeB
1031,2025-04-09 15:09:27,28.84,41.83,BuildingB_Floor2,TypeB
1093,2025-04-07 17:30:22,30.47,78.07,BuildingA_Floor2,TypeA
1088,2025-04-08 08:46:46,29.95,44.78,BuildingA_Floor2,TypeA
1099,2025-04-09 10:41:02,33.26,38.02,BuildingB_Floor1,TypeA
1020,2025-04-07 19:24:19,26.16,45.54,BuildingB_Floor1,TypeB
1053,2025-04-09 08:24:11,23.45,68.86,BuildingB_Floor1,TypeC
1024,2025-04-08 05:58:15,20.69,33.21,BuildingB_Floor2,TypeA
1006,2025-04-09 11:24:19,16.26,44.08,BuildingB_Floor1,TypeC
1042,2025-04-06 05:21:27,25.76,49.4,BuildingB_Floor2,TypeA
1047,2025-04-10 18:38:22,28.96,44.63,BuildingB_Floor1,TypeC
1008,2025-04-07 12:26:08,29.04,41.39,BuildingA_Floor1,TypeB
1023,2025-04-08 04:22:43,29.96,69.93,BuildingA_Floor2,TypeC
1037,2025-04-10 01:01:34,30.42,53.79,BuildingA_Floor2,TypeB
1049,2025-04-08 03:12:49,20.01,66.43,BuildingB_Floor2,TypeC
1004,2025-04-08 01:36:49,25.35,67.13,BuildingB_Floor2,TypeA
1072,2025-04-10 14:31:38,33.72,37.13,BuildingB_Floor1,TypeA
1017,2025-04-08 23:19:32,18.49,70.23,BuildingB_Floor2,TypeB
1017,2025-04-09 13:17:01,15.11,54.12,BuildingB_Floor1,TypeA
1071,2025-04-08 13:47:16,16.42,48.69,BuildingB_Floor1,TypeA
1023,2025-04-08 01:36:30,26.08,30.16,BuildingB_Floor2,TypeC
1057,2025-04-10 12:33:23,27.97,71.24,BuildingA_Floor1,TypeA
1092,2025-04-08 00:31:51,23.43,45.98,BuildingB_Floor2,TypeC
1007,2025-04-08 21:37:16,20.36,78.04,BuildingA_Floor1,TypeB
1035,2025-04-07 00:42:15,21.36,40.31,BuildingB_Floor1,TypeB
1003,2025-04-06 04:35:15,17.62,41.75,BuildingB_Floor1,TypeA
1076,2025-04-10 02:31:20,33.86,71.71,BuildingA_Floor1,TypeA
1065,2025-04-07 16:06:56,30.52,52.56,BuildingB_Floor1,TypeB
1060,2025-04-07 14:20:17,21.04,66.13,BuildingA_Floor2,TypeA
1042,2025-04-06 15:03:16,34.72,47.44,BuildingA_Floor1,TypeB
1020,2025-04-07 01:18:49,30.81,53.88,BuildingB_Floor2,TypeA
1045,2025-04-07 01:53:01,26.09,60.71,BuildingB_Floor2,TypeA
1015,2025-04-10 04:34:04,29.82,53.62,BuildingA_Floor2,TypeB
1009,2025-04-09 10:35:22,22.61,66.35,BuildingB_Floor2,TypeB
1055,2025-04-10 13:21:37,30.85,48.4,BuildingB_Floor2,TypeC
1013,2025-04-07 00:01:07,18.1,33.6,BuildingB_Floor2,TypeA
1083,2025-04-08 10:38:35,24.93,51.15,BuildingA_Floor1,TypeB
1032,2025-04-08 16:56:48,26.0,65.26,BuildingB_Floor2,TypeC
1042,2025-04-07 23:23:00,25.5,50.59,BuildingB_Floor1,TypeB
1096,2025-04-09 17:20:32,28.51,69.87,BuildingA_Floor2,TypeC
1017,2025-04-10 14:20:12,30.69,48.84,BuildingA_Floor2,TypeA
1058,2025-04-09 05:44:11,29.73,42.27,BuildingA_Floor1,TypeC
1024,2025-04-09 20:08:44,25.8,77.58,BuildingA_Floor1,TypeA
1072,2025-04-10 13:16:32,19.59,41.25,BuildingB_Floor1,TypeC
1023,2025-04-08 20:04:53,30.52,57.08,BuildingB_Floor1,TypeC
1077,2025-04-08 04:49:57,15.92,56.99,BuildingA_Floor1,TypeB
1094,2025-04-09 17:39:50,23.18,36.99,BuildingB_Floor2,TypeC
1001,2025-04-10 16:36:09,32.24,57.97,BuildingB_Floor2,TypeC
1007,2025-04-10 12:07:09,17.63,30.02,BuildingA_Floor1,TypeA
1017,2025-04-08 09:35:06,20.32,31.04,BuildingB_Floor1,TypeC
1087,2025-04-06 05:08:18,24.96,64.98,BuildingA_Floor1,TypeB
1012,2025-04-10 16:36:19,20.18,44.31,BuildingB_Floor1,TypeA
1010,2025-04-06 08:27:49,32.39,33.51,BuildingA_Floor1,TypeA
1013,2025-04-10 15:54:32,29.06,33.29,BuildingB_Floor1,TypeC
1049,2025-04-07 23:26:59,18.64,53.75,BuildingA_Floor2,TypeA
1042,2025-04-10 17:22:54,27.78,75.12,BuildingB_Floor1,TypeC
1046,2025-04-09 02:19:39,33.17,34.96,BuildingB_Floor2,TypeB
1089,2025-04-10 03:39:08,15.13,38.28,BuildingA_Floor2,TypeA
1010,2025-04-09 09:17:30,30.6,34.45,BuildingA_Floor2,TypeA
1026,2025-04-07 05:21:24,18.89,53.88,BuildingA_Floor2,TypeA
1031,2025-04-09 05:52:06,22.16,43.22,BuildingA_Floor1,TypeB
1022,2025-04-06 09:57:42,17.51,55.82,BuildingB_Floor1,TypeB
1061,2025-04-09 02:45:29,25.89,36.49,BuildingB_Floor1,TypeC
1068,2025-04-07 07:51:04,33.48,57.1,BuildingB_Floor2,TypeC
1038,2025-04-07 17:14:46,20.33,59.33,BuildingB_Floor1,TypeC
1039,2025-04-09 13:28:38,15.51,71.95,BuildingA_Floor1,TypeA
1042,2025-04-07 06:43:15,22.22,38.39,BuildingB_Floor2,TypeA
1031,2025-04-09 06:15:22,29.99,42.03,BuildingB_Floor1,TypeC
1011,2025-04-10 14:54:02,22.84,51.36,BuildingA_Floor1,TypeB
1040,2025-04-06 21:52:21,22.55,37.12,BuildingA_Floor1,TypeB
1022,2025-04-07 15:19:24,18.32,75.67,BuildingA_Floor2,TypeA
1020,2025-04-09 06:27:43,33.67,32.77,BuildingB_Floor1,TypeC
1053,2025-04-09 04:27:42,25.86,30.33,BuildingA_Floor1,TypeA
1062,2025-04-09 08:13:29,34.86,62.83,BuildingB_Floor1,TypeB
1041,2025-04-09 01:32:46,33.52,55.28,BuildingB_Floor2,TypeA
1099,2025-04-10 02:48:04,20.17,35.86,BuildingB_Floor2,TypeC
1016,2025-04-06 12:24:12,19.56,55.94,BuildingB_Floor1,TypeC
1015,2025-04-08 15:44:08,32.38,46.35,BuildingB_Floor2,TypeC
1079,2025-04-09 09:16:43,19.58,47.35,BuildingA_Floor1,TypeB
1071,2025-04-06 17:41:56,34.74,69.05,BuildingB_Floor1,TypeB
1057,2025-04-07 07:23:27,29.73,77.23,BuildingB_Floor1,TypeC
1049,2025-04-07 12:41:38,23.51,59.99,BuildingB_Floor1,TypeC
1097,2025-04-10 00:33:19,33.38,53.83,BuildingB_Floor1,TypeA
1087,2025-04-08 06:27:50,18.39,42.03,BuildingB_Floor2,TypeB
1057,2025-04-06 04:16:02,28.52,43.62,BuildingB_Floor1,TypeC
1092,2025-04-07 14:53:04,22.18,66.46,BuildingA_Floor1,TypeC
1030,2025-04-08 02:56:44,16.73,62.68,BuildingB_Floor1,TypeC
1038,2025-04-06 21:17:04,33.06,44.81,BuildingB_Floor1,TypeA
1017,2025-04-08 16:43:31,24.42,55.49,BuildingA_Floor1,TypeA
1051,2025-04-08 16:53:25,17.3,30.18,BuildingA_Floor2,TypeB
1070,2025-04-07 21:05:06,16.8,46.13,BuildingB_Floor1,TypeB
1037,2025-04-10 16:01:48,17.81,49.97,BuildingA_Floor2,TypeB
1088,2025-04-07 08:49:28,17.78,63.37,BuildingA_Floor1,TypeC
1096,2025-04-09 13:55:24,21.04,78.5,BuildingB_Floor1,TypeB
1033,2025-04-09 11:34:04,28.73,66.53,BuildingB_Floor2,TypeA
1082,2025-04-07 23:25:12,24.98,60.83,BuildingB_Floor1,TypeA
1063,2025-04-10 18:13:15,19.1,55.13,BuildingA_Floor2,TypeB
1016,2025-04-06 03:26:29,17.5,49.8,BuildingB_Floor2,TypeC
1066,2025-04-08 20:50:07,33.37,45.92,BuildingB_Floor1,TypeB
1036,2025-04-07 12:52:45,24.7,42.9,BuildingA_Floor2,TypeB
1076,2025-04-08 12:08:05,26.21,32.2,BuildingB_Floor1,TypeB
1025,2025-04-07 09:32:50,23.22,56.71,BuildingA_Floor1,TypeC
1095,2025-04-06 16:03:40,16.02,36.61,BuildingA_Floor1,TypeB
1019,2025-04-06 11:07:11,34.91,58.56,BuildingA_Floor1,TypeC
1010,2025-04-08 21:22:56,31.61,50.57,BuildingB_Floor2,TypeC
1007,2025-04-08 04:08:27,32.1,45.79,BuildingA_Floor1,TypeC
1038,2025-04-09 13:03:54,28.69,52.76,BuildingB_Floor1,TypeA
1064,2025-04-06 03:18:33,16.99,73.1,BuildingB_Floor2,TypeA
1041,2025-04-10 16:07:01,23.12,70.8,BuildingA_Floor1,TypeC
1002,2025-04-06 05:07:30,30.19,48.25,BuildingB_Floor1,TypeC
1056,2025-04-07 10:37:57,29.44,40.56,BuildingB_Floor2,TypeA
1018,2025-04-10 01:02:47,29.61,34.2,BuildingA_Floor1,TypeB
1009,2025-04-09 06:35:42,33.29,66.91,BuildingA_Floor2,TypeA
1075,2025-04-10 12:18:26,26.72,71.39,BuildingB_Floor1,TypeA
1040,2025-04-06 10:06:56,21.2,54.05,BuildingB_Floor2,TypeB
1029,2025-04-09 22:47:25,16.68,31.29,BuildingA_Floor1,TypeB
1050,2025-04-10 05:34:07,33.34,60.93,BuildingB_Floor2,TypeC
1056,2025-04-09 07:15:30,29.98,69.23,BuildingB_Floor1,TypeB
1036,2025-04-08 21:46:27,31.31,36.94,BuildingA_Floor2,TypeB
1002,2025-04-08 12:09:51,24.9,70.44,BuildingB_Floor2,TypeA
1028,2025-04-07 02:26:11,20.8,76.62,BuildingB_Floor1,TypeC
1077,2025-04-08 09:54:00,30.88,53.8,BuildingB_Floor2,TypeB
1055,2025-04-08 12:35:11,16.99,48.91,BuildingB_Floor1,TypeB
1027,2025-04-11 00:14:31,33.56,51.57,BuildingA_Floor1,TypeA
1082,2025-04-07 05:05:51,22.51,40.42,BuildingA_Floor1,TypeA
1016,2025-04-07 13:36:16,34.36,38.61,BuildingB_Floor1,TypeC
1088,2025-04-10 07:08:46,24.59,45.76,BuildingB_Floor1,TypeA
1084,2025-04-10 23:24:02,30.38,38.34,BuildingA_Floor1,TypeA
1067,2025-04-08 02:31:56,30.23,73.16,BuildingA_Floor2,TypeA
1048,2025-04-06 07:17:46,26.9,37.83,BuildingB_Floor1,TypeC
1024,2025-04-08 16:18:28,15.51,70.08,BuildingA_Floor1,TypeA
1006,2025-04-08 05:13:19,24.94,41.19,BuildingA_Floor1,TypeC
1024,2025-04-09 13:33:39,23.27,58.51,BuildingA_Floor2,TypeA
1015,2025-04-07 20:37:18,24.5,68.58,BuildingB_Floor1,TypeC
1028,2025-04-06 04:40:58,33.22,34.23,BuildingA_Floor2,TypeB
1017,2025-04-08 02:20:10,18.59,57.31,BuildingB_Floor2,TypeA
1010,2025-04-09 21:03:48,28.31,46.11,BuildingB_Floor2,TypeA
1008,2025-04-07 01:21:52,33.33,60.4,BuildingB_Floor1,TypeB
1032,2025-04-10 17:12:10,17.42,31.6,BuildingB_Floor1,TypeA
1051,2025-04-07 15:50:19,17.79,30.04,BuildingB_Floor2,TypeB
1065,2025-04-09 10:06:34,21.43,43.69,BuildingB_Floor2,TypeA
1096,2025-04-09 19:47:09,28.92,38.41,BuildingB_Floor2,TypeB
1054,2025-04-07 02:50:04,33.56,76.05,BuildingB_Floor2,TypeA
1042,2025-04-10 19:19:20,33.36,61.0,BuildingA_Floor1,TypeC
1088,2025-04-09 10:29:36,28.22,66.84,BuildingB_Floor2,TypeB
1003,2025-04-07 21:23:14,19.25,54.9,BuildingB_Floor2,TypeC
1027,2025-04-06 02:31:01,31.57,42.44,BuildingA_Floor1,TypeA
1013,2025-04-10 09:48:44,16.6,57.4,BuildingB_Floor2,TypeA
1031,2025-04-10 06:03:07,28.58,42.32,BuildingA_Floor2,TypeC
1072,2025-04-09 09:21:29,19.94,34.01,BuildingA_Floor2,TypeC
1059,2025-04-10 08:04:22,34.32,56.59,BuildingB_Floor1,TypeB
1092,2025-04-09 06:49:45,28.04,30.39,BuildingB_Floor1,TypeB
1039,2025-04-08 05:15:51,18.29,32.82,BuildingA_Floor2,TypeB
1043,2025-04-07 04:09:33,26.36,77.5,BuildingB_Floor2,TypeA
1023,2025-04-10 21:48:01,17.73,70.27,BuildingA_Floor2,TypeA
1055,2025-04-09 00:14:41,18.48,70.79,BuildingA_Floor1,TypeA
1043,2025-04-10 09:32:48,18.08,40.2,BuildingB_Floor2,TypeA
1070,2025-04-10 03:27:38,19.79,76.43,BuildingB_Floor2,TypeB
1089,2025-04-10 08:21:28,27.27,35.86,BuildingA_Floor1,TypeB
1013,2025-04-07 16:18:15,30.58,47.26,BuildingA_Floor2,TypeA
1005,2025-04-10 18:47:50,18.2,63.92,BuildingB_Floor2,TypeA
1097,2025-04-10 20:43:10,32.16,78.97,BuildingB_Floor2,TypeC
1040,2025-04-07 19:38:24,29.29,48.7,BuildingB_Floor1,TypeA
1017,2025-04-06 15:09:04,33.77,49.8,BuildingB_Floor2,TypeA
1089,2025-04-08 04:55:23,16.81,59.98,BuildingB_Floor1,TypeA
1087,2025-04-10 00:34:55,17.32,44.19,BuildingB_Floor1,TypeB
1040,2025-04-10 02:43:29,25.21,74.93,BuildingA_Floor1,TypeB
1099,2025-04-08 20:41:15,16.45,71.63,BuildingB_Floor2,TypeC
1050,2025-04-11 00:12:03,18.19,73.67,BuildingA_Floor2,TypeA
1090,2025-04-07 11:06:35,18.3,65.67,BuildingA_Floor1,TypeA
1049,2025-04-07 07:54:08,33.84,64.88,BuildingB_Floor2,TypeC
1068,2025-04-10 04:52:40,17.9,57.63,BuildingB_Floor1,TypeC
1027,2025-04-08 04:41:55,34.08,30.18,BuildingB_Floor1,TypeA
1025,2025-04-10 04:48:00,26.63,70.78,BuildingA_Floor2,TypeA
1039,2025-04-09 12:33:57,29.98,60.43,BuildingB_Floor2,TypeB
1038,2025-04-09 19:02:31,30.21,77.87,BuildingB_Floor2,TypeA
1007,2025-04-09 17:37:12,15.54,57.71,BuildingB_Floor1,TypeB
1036,2025-04-06 04:37:11,20.98,39.72,BuildingA_Floor1,TypeB
1092,2025-04-09 09:13:52,31.91,45.12,BuildingA_Floor2,TypeC
1098,2025-04-06 03:42:49,15.8,55.9,BuildingA_Floor2,TypeA
1029,2025-04-09 08:39:34,32.62,56.57,BuildingB_Floor2,TypeA
1025,2025-04-08 18:08:35,17.31,78.03,BuildingB_Floor1,TypeC
1067,2025-04-06 22:49:58,15.77,31.12,BuildingA_Floor2,TypeB
1047,2025-04-06 08:46:29,20.85,49.85,BuildingA_Floor1,TypeA
1037,2025-04-09 07:26:13,29.79,77.97,BuildingA_Floor2,TypeA
1025,2025-04-09 05:37:24,16.53,77.67,BuildingA_Floor2,TypeC
1062,2025-04-09 11:40:40,19.84,72.27,BuildingA_Floor1,TypeB
1007,2025-04-10 17:56:45,28.37,77.8,BuildingB_Floor1,TypeA
1045,2025-04-08 04:25:42,22.37,38.13,BuildingB_Floor2,TypeC
1091,2025-04-08 15:51:44,19.41,36.2,BuildingA_Floor2,TypeC
1010,2025-04-06 10:44:55,18.0,45.74,BuildingA_Floor1,TypeA
1084,2025-04-07 00:21:46,22.42,58.63,BuildingA_Floor1,TypeA
1094,2025-04-07 02:56:16,27.84,53.08,BuildingA_Floor1,TypeC
1024,2025-04-06 11:20:02,20.56,31.33,BuildingA_Floor1,TypeC
1017,2025-04-06 21:31:02,18.84,74.1,BuildingB_Floor2,TypeA
1053,2025-04-10 19:39:33,30.58,48.78,BuildingA_Floor1,TypeC
1031,2025-04-10 23:07:40,22.49,74.01,BuildingB_Floor1,TypeB
1016,2025-04-09 00:34:42,16.21,63.92,BuildingB_Floor1,TypeC
1096,2025-04-10 19:53:44,24.8,62.65,BuildingB_Floor2,TypeB
1011,2025-04-06 09:47:31,16.99,30.43,BuildingA_Floor1,TypeC
1010,2025-04-11 00:01:29,17.62,32.96,BuildingB_Floor1,TypeC
1039,2025-04-08 20:42:39,31.04,42.02,BuildingA_Floor1,TypeB
1025,2025-04-08 06:06:42,19.4,48.15,BuildingB_Floor2,TypeB
1005,2025-04-08 02:51:23,20.83,79.58,BuildingB_Floor1,TypeB
1006,2025-04-07 13:10:12,20.73,38.19,BuildingA_Floor2,TypeC
1076,2025-04-09 17:15:52,22.15,50.48,BuildingB_Floor1,TypeA
1057,2025-04-10 00:18:18,22.97,39.52,BuildingA_Floor2,TypeC
1100,2025-04-08 08:43:37,19.39,63.34,BuildingB_Floor1,TypeA
1010,2025-04-09 23:59:28,28.69,36.8,BuildingB_Floor2,TypeB
1039,2025-04-08 04:43:05,26.59,42.07,BuildingA_Floor2,TypeA
1076,2025-04-08 11:59:37,25.78,52.25,BuildingB_Floor1,TypeB
1031,2025-04-07 05:58:38,29.0,31.54,BuildingA_Floor2,TypeB
1000,2025-04-10 06:49:05,25.64,35.19,BuildingA_Floor2,TypeC
1066,2025-04-07 22:21:17,30.82,30.53,BuildingB_Floor2,TypeA
1061,2025-04-06 13:09:07,17.89,67.99,BuildingA_Floor2,TypeB
1082,2025-04-08 20:16:20,32.92,54.94,BuildingB_Floor1,TypeA
1032,2025-04-09 22:18:29,21.97,78.92,BuildingB_Floor2,TypeB
1034,2025-04-10 12:05:05,30.55,40.65,BuildingA_Floor1,TypeA
1067,2025-04-07 04:49:26,17.51,76.92,BuildingA_Floor1,TypeB
1026,2025-04-08 21:49:12,18.0,66.47,BuildingB_Floor2,TypeB
1077,2025-04-07 06:01:44,17.39,51.14,BuildingA_Floor1,TypeA
1033,2025-04-10 03:02:43,23.12,37.47,BuildingB_Floor2,TypeB
1031,2025-04-06 08:07:03,30.33,52.82,BuildingB_Floor2,TypeA
1054,2025-04-09 01:33:04,20.3,75.39,BuildingA_Floor1,TypeB
1058,2025-04-06 03:38:25,28.2,77.52,BuildingA_Floor1,TypeA
1042,2025-04-07 01:50:54,20.08,57.13,BuildingA_Floor1,TypeB
1030,2025-04-10 08:23:39,15.48,79.3,BuildingB_Floor2,TypeC
1096,2025-04-07 12:19:31,26.69,56.38,BuildingB_Floor1,TypeC
1074,2025-04-07 07:17:00,24.37,69.63,BuildingB_Floor1,TypeA
1069,2025-04-09 03:40:34,18.22,56.77,BuildingB_Floor1,TypeB
1020,2025-04-07 10:43:08,25.53,53.96,BuildingA_Floor2,TypeA
1027,2025-04-06 16:02:04,15.86,75.36,BuildingA_Floor2,TypeB
1026,2025-04-06 02:53:54,33.3,70.04,BuildingA_Floor1,TypeC
1075,2025-04-10 13:18:30,16.77,65.6,BuildingB_Floor1,TypeA
1019,2025-04-08 00:17:06,26.27,65.13,BuildingA_Floor2,TypeB
1031,2025-04-06 20:23:49,33.62,76.14,BuildingB_Floor2,TypeC
1027,2025-04-09 09:47:22,33.05,36.48,BuildingA_Floor1,TypeB
1063,2025-04-07 17:37:49,31.53,55.56,BuildingA_Floor2,TypeC
1092,2025-04-09 14:20:39,30.74,71.85,BuildingB_Floor2,TypeA
1022,2025-04-08 05:46:39,25.85,76.34,BuildingB_Floor1,TypeC
1041,2025-04-08 05:14:19,23.05,35.03,BuildingB_Floor2,TypeC
1095,2025-04-08 21:06:46,22.66,46.52,BuildingB_Floor2,TypeC
1067,2025-04-06 11:14:29,28.73,66.48,BuildingA_Floor2,TypeB
1087,2025-04-06 16:08:08,21.06,69.46,BuildingB_Floor2,TypeC
1020,2025-04-06 13:20:56,33.11,59.72,BuildingB_Floor1,TypeC
1031,2025-04-07 12:23:15,31.35,56.53,BuildingB_Floor2,TypeB
1007,2025-04-09 13:30:49,26.44,74.89,BuildingA_Floor1,TypeB
1021,2025-04-08 05:25:49,27.54,40.4,BuildingB_Floor2,TypeC
1098,2025-04-08 14:49:07,15.96,32.75,BuildingB_Floor2,TypeB
1032,2025-04-06 11:12:39,28.9,57.56,BuildingB_Floor2,TypeA
1037,2025-04-10 23:06:30,20.2,34.3,BuildingB_Floor1,TypeA
1081,2025-04-09 08:15:24,18.72,42.72,BuildingB_Floor2,TypeA
1026,2025-04-08 19:00:26,32.96,70.15,BuildingB_Floor2,TypeA
1043,2025-04-08 06:16:26,15.9,53.58,BuildingA_Floor1,TypeC
1012,2025-04-08 21:55:28,25.74,60.73,BuildingA_Floor1,TypeA
1016,2025-04-07 18:09:24,20.04,77.13,BuildingB_Floor2,TypeC
1050,2025-04-08 10:04:29,29.68,50.79,BuildingB_Floor2,TypeA
1044,2025-04-06 20:40:41,26.32,44.93,BuildingB_Floor1,TypeA
1098,2025-04-06 16:19:52,19.89,34.66,BuildingB_Floor2,TypeA
1039,2025-04-07 08:24:24,21.32,76.1,BuildingB_Floor1,TypeC
1083,2025-04-09 21:08:10,25.48,61.85,BuildingA_Floor2,TypeA
1068,2025-04-06 20:59:10,28.0,64.67,BuildingB_Floor2,TypeC
1030,2025-04-09 09:13:39,16.67,48.68,BuildingB_Floor2,TypeA
1092,2025-04-06 14:43:49,22.31,72.09,BuildingB_Floor2,TypeB
1045,2025-04-06 01:18:07,16.1,71.08,BuildingB_Floor2,TypeC
1014,2025-04-07 13:39:19,31.36,46.06,BuildingA_Floor1,TypeC
1040,2025-04-08 23:32:46,28.59,34.24,BuildingB_Floor2,TypeC
1036,2025-04-10 14:19:15,16.36,51.26,BuildingA_Floor2,TypeA
1050,2025-04-08 11:09:37,19.85,53.63,BuildingB_Floor2,TypeA
1038,2025-04-08 13:11:34,16.81,68.73,BuildingB_Floor2,TypeC
1069,2025-04-07 02:07:52,27.82,58.86,BuildingA_Floor1,TypeC
1007,2025-04-07 03:57:24,22.55,69.38,BuildingB_Floor2,TypeB
1071,2025-04-09 16:31:52,26.53,44.68,BuildingA_Floor2,TypeB
1019,2025-04-08 12:03:16,27.48,57.83,BuildingB_Floor2,TypeC
1100,2025-04-06 04:09:22,30.31,51.44,BuildingA_Floor1,TypeA
1090,2025-04-09 08:30:21,16.91,77.82,BuildingB_Floor1,TypeB
1086,2025-04-06 05:22:23,19.49,62.74,BuildingB_Floor1,TypeC
1011,2025-04-09 18:14:59,17.88,48.44,BuildingB_Floor1,TypeB
1056,2025-04-10 13:47:37,20.45,57.09,BuildingB_Floor1,TypeC
1072,2025-04-08 02:06:27,16.07,65.09,BuildingA_Floor2,TypeA
1048,2025-04-09 16:20:58,25.93,47.89,BuildingB_Floor1,TypeB
1021,2025-04-06 02:13:12,32.12,50.66,BuildingB_Floor1,TypeC
1017,2025-04-06 10:02:38,26.93,35.54,BuildingA_Floor2,TypeB
1087,2025-04-06 19:24:52,24.53,32.42,BuildingA_Floor1,TypeB
1089,2025-04-09 19:53:01,19.84,45.4,BuildingB_Floor1,TypeB
1062,2025-04-09 02:19:44,15.9,30.54,BuildingA_Floor1,TypeA
1003,2025-04-06 07:10:46,18.57,36.22,BuildingA_Floor1,TypeA
1070,2025-04-09 17:49:34,32.94,67.03,BuildingB_Floor2,TypeA
1051,2025-04-06 07:32:45,22.92,72.27,BuildingB_Floor1,TypeA
1009,2025-04-06 15:57:41,16.66,47.58,BuildingA_Floor1,TypeC
1089,2025-04-08 23:55:07,21.48,76.41,BuildingA_Floor2,TypeA
1025,2025-04-08 10:34:25,32.9,63.76,BuildingB_Floor2,TypeA
1042,2025-04-09 14:26:49,34.51,56.25,BuildingA_Floor1,TypeA
1055,2025-04-06 14:46:55,17.99,66.79,BuildingA_Floor2,TypeA
1050,2025-04-07 04:28:27,28.78,52.98,BuildingA_Floor1,TypeA
1040,2025-04-07 21:32:46,19.33,32.98,BuildingA_Floor2,TypeC
1016,2025-04-10 01:42:26,18.13,66.74,BuildingA_Floor1,TypeB
1076,2025-04-06 08:13:56,21.68,54.41,BuildingA_Floor1,TypeA
1002,2025-04-09 08:14:32,20.54,31.28,BuildingA_Floor1,TypeB
1054,2025-04-10 13:07:06,19.87,52.2,BuildingB_Floor2,TypeA
1030,2025-04-09 22:10:38,21.05,43.16,BuildingA_Floor1,TypeC
1047,2025-04-07 19:14:31,18.89,36.29,BuildingA_Floor2,TypeA
1002,2025-04-09 12:13:33,19.19,37.56,BuildingB_Floor1,TypeB
1041,2025-04-09 04:34:18,21.36,54.51,BuildingA_Floor1,TypeC
1067,2025-04-10 14:08:53,28.29,66.13,BuildingB_Floor1,TypeB
1037,2025-04-10 19:44:22,16.35,56.13,BuildingB_Floor2,TypeB
1089,2025-04-06 00:46:52,34.81,38.24,BuildingB_Floor2,TypeB
1020,2025-04-09 10:44:43,32.12,36.7,BuildingA_Floor1,TypeB
1086,2025-04-09 23:00:02,22.9,72.38,BuildingA_Floor2,TypeB
1009,2025-04-07 04:30:51,27.59,52.7,BuildingA_Floor2,TypeB
1040,2025-04-08 14:29:34,33.4,62.75,BuildingB_Floor1,TypeA
1081,2025-04-07 22:06:10,33.82,62.34,BuildingB_Floor1,TypeB
1083,2025-04-10 16:08:29,25.72,63.0,BuildingA_Floor1,TypeB
1073,2025-04-09 00:05:26,28.34,47.98,BuildingA_Floor2,TypeA
1035,2025-04-08 14:29:27,32.83,65.71,BuildingB_Floor2,TypeB
1004,2025-04-08 04:56:42,33.45,51.27,BuildingA_Floor2,TypeB
1074,2025-04-08 04:20:12,17.9,53.17,BuildingB_Floor1,TypeC
1089,2025-04-11 00:09:55,27.36,38.06,BuildingA_Floor2,TypeB
1048,2025-04-07 23:55:18,32.09,37.69,BuildingA_Floor1,TypeA
1054,2025-04-07 16:20:18,20.36,77.39,BuildingA_Floor2,TypeB
1041,2025-04-09 02:03:44,18.4,49.25,BuildingA_Floor2,TypeA
1075,2025-04-10 04:19:23,15.54,44.68,BuildingB_Floor2,TypeB
1017,2025-04-07 04:16:55,22.17,53.36,BuildingB_Floor1,TypeB
1053,2025-04-10 20:05:58,16.66,39.15,BuildingA_Floor2,TypeC
1076,2025-04-08 23:49:19,33.45,67.49,BuildingA_Floor1,TypeB
1044,2025-04-08 00:41:56,27.7,35.94,BuildingA_Floor1,TypeA
1067,2025-04-06 15:12:26,24.42,61.46,BuildingB_Floor1,TypeB
1012,2025-04-08 19:20:48,28.75,33.25,BuildingB_Floor1,TypeC
1040,2025-04-09 20:12:15,28.01,73.17,BuildingA_Floor1,TypeA
1068,2025-04-09 02:43:37,16.83,51.3,BuildingB_Floor1,TypeB
1021,2025-04-08 05:05:36,27.43,42.09,BuildingB_Floor2,TypeA
1040,2025-04-10 22:31:52,24.67,53.58,BuildingA_Floor2,TypeC
1027,2025-04-10 10:49:42,27.04,44.37,BuildingA_Floor1,TypeA
1074,2025-04-07 21:50:02,28.81,67.82,BuildingB_Floor2,TypeB
1080,2025-04-09 20:18:17,31.26,47.49,BuildingB_Floor1,TypeC
1097,2025-04-08 01:43:01,19.19,43.5,BuildingB_Floor1,TypeB
1031,2025-04-10 23:24:14,22.13,69.67,BuildingA_Floor1,TypeC
1035,2025-04-06 05:37:31,30.16,54.16,BuildingA_Floor1,TypeB
1069,2025-04-10 09:28:29,25.07,75.87,BuildingA_Floor1,TypeA
1020,2025-04-08 02:02:26,34.81,33.14,BuildingA_Floor2,TypeB
1058,2025-04-07 20:07:53,20.71,50.39,BuildingB_Floor2,TypeB
1044,2025-04-06 16:43:20,27.91,65.79,BuildingB_Floor1,TypeB
1016,2025-04-10 13:30:25,29.21,71.44,BuildingB_Floor1,TypeB
1005,2025-04-09 18:12:32,33.68,59.99,BuildingA_Floor1,TypeB
1075,2025-04-08 18:25:44,22.55,78.72,BuildingA_Floor1,TypeA
1036,2025-04-07 04:17:51,23.45,40.29,BuildingA_Floor2,TypeA
1010,2025-04-06 14:27:17,22.9,73.24,BuildingB_Floor1,TypeA
1044,2025-04-08 19:11:50,29.83,55.2,BuildingA_Floor1,TypeC
1054,2025-04-08 11:04:21,21.95,67.21,BuildingA_Floor2,TypeC
1034,2025-04-10 17:25:24,20.18,38.51,BuildingB_Floor1,TypeA
1050,2025-04-06 20:56:29,22.07,49.98,BuildingA_Floor1,TypeC
1081,2025-04-10 11:14:09,33.28,75.64,BuildingB_Floor2,TypeB
1036,2025-04-08 05:59:42,28.17,34.87,BuildingB_Floor2,TypeB
1020,2025-04-06 10:03:20,26.25,67.43,BuildingA_Floor2,TypeA
1018,2025-04-07 14:46:41,33.68,56.45,BuildingA_Floor2,TypeA
1054,2025-04-07 10:11:46,15.35,52.19,BuildingA_Floor1,TypeB
1062,2025-04-09 13:07:32,33.72,70.82,BuildingA_Floor1,TypeC
1030,2025-04-06 10:28:39,17.17,43.0,BuildingA_Floor1,TypeB
1091,2025-04-06 14:24:49,31.78,32.48,BuildingB_Floor1,TypeC
1025,2025-04-09 21:09:38,16.8,66.29,BuildingA_Floor1,TypeB
1059,2025-04-10 00:32:20,27.2,57.83,BuildingA_Floor2,TypeB
1054,2025-04-09 08:30:39,29.32,40.66,BuildingB_Floor1,TypeB
1053,2025-04-10 11:41:04,28.54,65.86,BuildingB_Floor1,TypeC
1048,2025-04-06 14:42:06,19.43,76.39,BuildingA_Floor2,TypeA
1034,2025-04-09 23:16:05,25.85,64.54,BuildingB_Floor2,TypeC
1095,2025-04-07 21:38:35,16.57,71.86,BuildingA_Floor2,TypeB
1081,2025-04-10 00:53:46,20.63,69.6,BuildingB_Floor1,TypeB
1041,2025-04-09 09:04:33,23.51,33.76,BuildingA_Floor2,TypeB
1071,2025-04-09 19:21:59,17.58,41.33,BuildingB_Floor1,TypeB
1055,2025-04-10 14:11:20,17.29,74.51,BuildingB_Floor1,TypeA
1087,2025-04-10 05:50:07,24.35,40.6,BuildingA_Floor2,TypeA
1061,2025-04-07 10:11:14,30.67,50.52,BuildingA_Floor1,TypeC
1017,2025-04-06 02:43:38,24.52,50.0,BuildingB_Floor1,TypeB
1019,2025-04-09 19:05:32,21.31,74.19,BuildingA_Floor1,TypeC
1061,2025-04-08 16:21:27,22.18,69.18,BuildingB_Floor2,TypeB
1009,2025-04-06 02:04:46,23.78,33.76,BuildingA_Floor1,TypeB
1023,2025-04-08 18:43:34,27.74,68.81,BuildingA_Floor2,TypeC
1072,2025-04-06 15:14:25,18.27,49.89,BuildingB_Floor2,TypeC
1011,2025-04-09 12:41:15,28.65,74.03,BuildingB_Floor2,TypeA
1057,2025-04-10 22:05:03,25.65,41.99,BuildingA_Floor1,TypeC
1067,2025-04-07 03:32:08,29.26,68.62,BuildingA_Floor1,TypeC
1093,2025-04-10 10:07:51,18.19,78.96,BuildingB_Floor1,TypeC
1018,2025-04-06 19:02:57,23.94,54.76,BuildingB_Floor2,TypeC
1027,2025-04-07 09:43:08,18.28,31.5,BuildingB_Floor2,TypeC
1100,2025-04-09 09:53:38,34.17,51.55,BuildingA_Floor2,TypeB
1093,2025-04-10 23:56:09,33.55,59.12,BuildingB_Floor2,TypeA
1031,2025-04-10 06:47:31,19.61,36.47,BuildingB_Floor1,TypeA
1033,2025-04-07 07:20:00,16.19,47.47,BuildingA_Floor1,TypeB
1092,2025-04-06 14:51:09,19.96,43.32,BuildingA_Floor1,TypeA
1061,2025-04-07 21:12:49,21.62,30.29,BuildingA_Floor2,TypeC
1017,2025-04-08 22:45:32,33.06,36.68,BuildingB_Floor1,TypeA
1075,2025-04-08 19:59:25,15.23,76.46,BuildingA_Floor1,TypeA
1032,2025-04-10 05:59:18,29.66,67.02,BuildingA_Floor2,TypeA
1080,2025-04-10 09:11:32,32.53,32.41,BuildingB_Floor1,TypeB
1064,2025-04-10 06:22:40,27.61,71.54,BuildingB_Floor2,TypeA
1071,2025-04-10 11:18:59,16.65,35.83,BuildingB_Floor2,TypeC
1096,2025-04-10 14:14:57,31.57,56.9,BuildingA_Floor2,TypeA
1018,2025-04-10 00:07:39,25.59,42.48,BuildingA_Floor1,TypeC
1077,2025-04-07 15:24:08,19.65,71.21,BuildingB_Floor1,TypeA
1085,2025-04-07 20:14:18,22.75,79.05,BuildingA_Floor2,TypeA
1083,2025-04-10 02:13:59,26.35,78.71,BuildingB_Floor1,TypeC
1033,2025-04-10 23:21:51,20.63,30.44,BuildingB_Floor1,TypeB
1036,2025-04-09 12:46:52,26.77,75.94,BuildingB_Floor2,TypeB
1061,2025-04-07 07:08:41,22.58,78.69,BuildingA_Floor1,TypeB
1067,2025-04-08 13:13:45,26.36,52.93,BuildingA_Floor2,TypeB
1024,2025-04-08 13:41:29,22.26,43.93,BuildingB_Floor2,TypeC
1044,2025-04-07 02:18:46,24.31,79.92,BuildingB_Floor1,TypeA
1055,2025-04-06 01:41:11,30.5,73.14,BuildingA_Floor2,TypeC
1088,2025-04-10 10:14:16,21.61,51.94,BuildingB_Floor2,TypeC
1030,2025-04-08 02:18:07,19.22,79.38,BuildingA_Floor1,TypeB
1080,2025-04-07 23:59:40,28.79,55.73,BuildingB_Floor1,TypeC
1006,2025-04-06 10:24:42,21.22,36.13,BuildingB_Floor1,TypeB
1072,2025-04-06 06:31:19,29.74,74.19,BuildingB_Floor1,TypeA
1009,2025-04-07 04:33:10,22.09,72.37,BuildingB_Floor1,TypeB
1038,2025-04-08 08:16:47,22.52,43.38,BuildingA_Floor2,TypeC
1028,2025-04-10 05:31:16,33.6,40.45,BuildingB_Floor2,TypeA
1025,2025-04-08 00:28:33,26.02,42.53,BuildingA_Floor2,TypeB
1075,2025-04-10 03:51:30,29.43,41.11,BuildingB_Floor1,TypeC
1094,2025-04-09 11:16:54,23.93,72.91,BuildingB_Floor1,TypeA
1047,2025-04-06 09:04:51,32.21,71.81,BuildingB_Floor2,TypeA
1072,2025-04-10 07:09:11,20.2,77.39,BuildingA_Floor2,TypeC
1042,2025-04-09 20:01:26,25.82,33.25,BuildingA_Floor1,TypeA
1037,2025-04-09 15:03:33,22.1,71.78,BuildingA_Floor2,TypeA
1064,2025-04-06 01:19:15,23.67,30.23,BuildingB_Floor1,TypeC
1030,2025-04-06 04:09:08,18.01,51.67,BuildingB_Floor1,TypeB
1067,2025-04-06 09:55:49,23.07,41.38,BuildingB_Floor1,TypeB
1081,2025-04-08 05:56:48,22.95,39.08,BuildingB_Floor2,TypeC
1077,2025-04-07 13:45:56,32.46,35.56,BuildingA_Floor2,TypeC
1009,2025-04-09 16:09:19,23.82,74.81,BuildingB_Floor1,TypeC
1053,2025-04-07 08:21:09,17.3,49.7,BuildingB_Floor1,TypeC
1076,2025-04-09 18:43:23,28.98,51.83,BuildingB_Floor2,TypeA
1001,2025-04-09 04:31:24,16.06,73.65,BuildingB_Floor2,TypeB
1011,2025-04-06 15:32:20,20.17,47.31,BuildingA_Floor2,TypeC
1075,2025-04-07 11:04:04,26.32,47.75,BuildingA_Floor2,TypeA
1058,2025-04-10 08:08:42,29.72,33.21,BuildingB_Floor2,TypeA
1075,2025-04-10 18:34:08,15.05,30.64,BuildingA_Floor2,TypeC
1064,2025-04-07 22:48:32,27.96,70.7,BuildingB_Floor1,TypeC
1097,2025-04-10 01:22:47,32.25,64.56,BuildingA_Floor2,TypeA
1001,2025-04-09 06:39:59,23.01,59.23,BuildingA_Floor1,TypeA
1065,2025-04-07 04:00:18,25.76,50.62,BuildingB_Floor1,TypeC
1087,2025-04-07 17:06:37,22.86,41.6,BuildingB_Floor1,TypeC
1069,2025-04-09 11:32:38,32.82,56.68,BuildingA_Floor2,TypeA
1014,2025-04-06 04:34:41,33.86,71.04,BuildingA_Floor2,TypeA
1003,2025-04-07 15:12:43,25.21,74.89,BuildingA_Floor1,TypeB
1048,2025-04-09 06:45:54,24.43,79.75,BuildingA_Floor2,TypeA
1053,2025-04-09 09:33:20,29.34,59.24,BuildingB_Floor2,TypeA
1069,2025-04-07 09:09:13,20.27,78.33,BuildingA_Floor2,TypeB
1018,2025-04-09 22:35:11,27.95,71.34,BuildingA_Floor1,TypeA
1076,2025-04-09 13:36:41,22.36,45.02,BuildingA_Floor2,TypeC
1000,2025-04-08 10:50:56,20.93,49.91,BuildingA_Floor1,TypeC
1023,2025-04-08 20:41:41,32.52,36.26,BuildingB_Floor1,TypeC
1073,2025-04-08 07:46:49,20.35,46.33,BuildingA_Floor2,TypeB
1031,2025-04-08 07:18:07,26.28,36.14,BuildingA_Floor2,TypeA
